answer_key,display_text,score,release_year,decade,tmdb_id,poster_path
1917,1917,45,2019,2010s,530915,/iZf0KyrE25z1sage4SYFLCCrMi9.jpg
2012,2012,79,2009,2000s,14161,/c2PkTPT5D9zB8SIm5wNlDAANEqM.jpg
300,300,46,2007,2000s,1271,/h7Lcio0c9ohxPhSZg42eTlKIVVY.jpg
a minecraft movie,A Minecraft Movie,96,2025,2020s,950387,/yFHHfHcUgGAxziP1C3lLt0q2T4s.jpg
a star is born,A Star Is Born,44,2018,2010s,332562,/wrFpXMNBRj2PBiN4Z5kix51XaIZ.jpg
aladdin,Aladdin,105,2019,2010s,420817,/ykUEbfpkf8d0w49pHh0AD2KrT52.jpg
alice in wonderland,Alice in Wonderland,103,2010,2010s,12155,/o0kre9wRCZz3jjSjaru7QU0UtFz.jpg
alita: battle angel,Alita: Battle Angel,40,2019,2010s,399579,/xRWht48C2V8XNfzvPehyClOvDni.jpg
alvin and the chipmunks: the squeakquel,Alvin and the Chipmunks: The Squeakquel,44,2009,2000s,23398,/87sAaMk4FHNqjY2Sqc1sOukUw1Q.jpg
american sniper,American Sniper,54,2014,2010s,190859,/vJgtfUmZE5i4L12sOryAPuBa04K.jpg
angels & demons,Angels & Demons,49,2009,2000s,13448,/tFZQAuulEOtFTp0gHbVdEXwGrYe.jpg
ant-man,Ant-Man,52,2015,2010s,102899,/rQRnQfUl3kfp78nCWq8Ks04vnq1.jpg
ant-man and the wasp,Ant-Man and the Wasp,62,2018,2010s,363088,/cFQEO687n1K6umXbInzocxcnAQz.jpg
ant-man and the wasp: quantumania,Ant-Man and the Wasp: Quantumania,48,2023,2020s,640146,/qnqGbB22YJ7dSs4o6M7exTpNxPz.jpg
aquaman,Aquaman,115,2018,2010s,297802,/ufl63EFcc5XpByEV2Ecdw6WJZAI.jpg
aquaman and the lost kingdom,Aquaman and the Lost Kingdom,44,2023,2020s,572802,/7lTnXOy0iNtBAdRP3TZvaKJ77F6.jpg
armageddon,Armageddon,55,1998,1990s,95,/eTM3qtGhDU8cvjpoa6KEt5E2auU.jpg
avatar,Avatar,292,2009,2000s,19995,/gKY6q7SjCkAU6FqvqWybDYgUKIF.jpg
avatar: fire and ash,Avatar: Fire and Ash,149,2025,2020s,83533,/aabwWZWx6z1aYP4PX2ADvbDKktd.jpg
avatar: the way of water,Avatar: The Way of Water,235,2022,2020s,76600,/t6HIqrRAclMCA60NsSmeqe9RmNV.jpg
avengers: age of ultron,Avengers: Age of Ultron,141,2015,2010s,99861,/4ssDuvEDkSArWEdyBl2X5EHvYKU.jpg
avengers: endgame,Avengers: Endgame,280,2019,2010s,299534,/ulzhLuWrPK07P1YkdWQLZnQh1JL.jpg
avengers: infinity war,Avengers: Infinity War,205,2018,2010s,299536,/7WsyChQLEftFiDOVTGkv3hFpyyt.jpg
bad boys for life,Bad Boys for Life,43,2020,2020s,38700,/y95lQLnuNKdPAzw9F9Ab8kJ80c3.jpg
bad boys: ride or die,Bad Boys: Ride or Die,40,2024,2020s,573435,/oGythE98MYleE6mZlGs5oBGkux1.jpg
barbie,Barbie,145,2023,2020s,346698,/iuFNMS8U5cb6xfzi51Dbkovj7vM.jpg
batman,Batman,41,1989,,268,/cij4dd21v2Rk2YtUQbV5kW69WB2.jpg
batman v superman: dawn of justice,Batman v Superman: Dawn of Justice,87,2016,2010s,209112,/5UsK3grJvtQrtzEgqNlDljJW96w.jpg
beauty and the beast,Beauty and the Beast,127,2017,2010s,321612,/hKegSKIDep2ewJWPUQD7u0KqFIp.jpg
beetlejuice beetlejuice,Beetlejuice Beetlejuice,45,2024,2020s,917496,/kKgQzkUCnQmeTPkyIwHly2t6ZFI.jpg
big hero 6,Big Hero 6,66,2014,2010s,177572,/2mxS4wUimwlLmI1xp6QW6NSU361.jpg
black adam,Black Adam,39,2022,2020s,436270,/rCtreCr4xiYEWDQTebybolIh6Xe.jpg
black panther,Black Panther,135,2018,2010s,284054,/uxzzxijgPIY7slzFvMotPv8wjKA.jpg
black panther: wakanda forever,Black Panther: Wakanda Forever,86,2022,2020s,505642,/sv1xJUazXeYqALzczSZ3O6nkH75.jpg
bohemian rhapsody,Bohemian Rhapsody,91,2018,2010s,424694,/lHu1wtNaczFPGFDTrjCSzeLPTKN.jpg
brave,Brave,54,2012,2010s,62177,/1XAuDtMWpL0sYSFK0R6EZate2Ux.jpg
bruce almighty,Bruce Almighty,48,2003,2000s,310,/wqkWrOFtYnZSvIMu8Lsmz7WIvKC.jpg
bumblebee,Bumblebee,47,2018,2010s,424783,/fw02ONlDhrYjTSZV8XO6hhU3ds3.jpg
captain america: brave new world,Captain America: Brave New World,42,2025,2020s,822119,/pzIddUEMWhWzfvLI3TwxUG2wGoi.jpg
captain america: civil war,Captain America: Civil War,116,2016,2010s,271110,/rAGiXaUfPzY7CDEyNKUofk3Kw2e.jpg
captain america: the winter soldier,Captain America: The Winter Soldier,71,2014,2010s,100402,/tVFRpFw3xTedgPGqxW0AOI8Qhh0.jpg
captain marvel,Captain Marvel,113,2019,2010s,299537,/AtsgWhDnHTq68L0lLsUrCnM7TjG.jpg
cars,Cars,46,2006,2000s,920,/2Touk3m5gzsqr1VsvxypdyHY5ci.jpg
cars 2,Cars 2,56,2011,2010s,49013,/okIz1HyxeVOMzYwwHUjH2pHi74I.jpg
casino royale,Casino Royale,60,2006,2000s,36557,/lMrxYKKhd4lqRzwUHAy5gcx9PSO.jpg
cast away,Cast Away,43,2000,2000s,8358,/7lLJgKnAicAcR5UEuo8xhSMj18w.jpg
charlie and the chocolate factory,Charlie and the Chocolate Factory,48,2005,2000s,118,/iKP6wg3c6COUe8gYutoGG7qcPnO.jpg
cinderella,Cinderella,54,2015,2010s,150689,/j91LJmcWo16CArFOoapsz84bwxb.jpg
clash of the titans,Clash of the Titans,49,2010,2010s,18823,/6iHYLipwEyZUPNO8MM3l1yHDaFE.jpg
coco,Coco,81,2017,2010s,354912,/6Ryitt95xrO8KXuqRGm1fUuNwqF.jpg
dances with wolves,Dances with Wolves,42,1990,1990s,581,/hw0ZEHAaTqTxSXGVwUFX7uvanSA.jpg
dawn of the planet of the apes,Dawn of the Planet of the Apes,71,2014,2010s,119450,/mSmAc9G25fhOHH45SLEeagR0qi7.jpg
dead to rights,Dead to Rights,42,2025,2020s,1500536,/rx9xTly73NssFHPg9gKrX9tJdDI.jpg
deadpool,Deadpool,78,2016,2010s,293660,/3E53WEZJqP6aM84D8CckXx4pIHw.jpg
deadpool & wolverine,Deadpool & Wolverine,134,2024,2020s,533535,/8cdWjvZQUExUUTzyp4t6EDMubfO.jpg
deadpool 2,Deadpool 2,79,2018,2010s,383498,/to0spRl1CMDvyUbOnbb4fTk3VAd.jpg
demon slayer -kimetsu no yaiba- the movie: mugen train,Demon Slayer -Kimetsu no Yaiba- The Movie: Mugen Train,52,2020,2020s,635302,/h8Rb9gBr48ODIwYUttZNYeMWeUU.jpg
demon slayer: kimetsu no yaiba infinity castle,Demon Slayer: Kimetsu no Yaiba Infinity Castle,73,2025,2020s,1311031,/fWVSwgjpT2D78VUh6X8UBd2rorW.jpg
despicable me,Despicable Me,54,2010,2010s,20352,/b1BT309QWjtFUlJPLmXmrcHOWEL.jpg
despicable me 2,Despicable Me 2,97,2013,2010s,93456,/5Fh4NdoEnCjCK9wLjdJ9DJNFl2b.jpg
despicable me 3,Despicable Me 3,103,2017,2010s,324852,/6t3YWl7hrr88lCEFlGVqW5yV99R.jpg
despicable me 4,Despicable Me 4,97,2024,2020s,519182,/wWba3TaojhK7NdycRhoQpsG0FaH.jpg
detective chinatown 1900,Detective Chinatown 1900,50,2025,2020s,1357305,/g3GsgIlH3fA4RxhNOAMvSbVWyfW.jpg
detective chinatown 2,Detective Chinatown 2,54,2018,2010s,505513,/p88dG7zfvne14Fn2UHFa2lqijyE.jpg
detective chinatown 3,Detective Chinatown 3,69,2021,2020s,602666,/jPF7uzdrJ3gynLAgNdCG9CevqAS.jpg
die another day,Die Another Day,43,2002,2000s,36669,/bZmGqOhMhaLn8AoFMvFDct4tbrL.jpg
django unchained,Django Unchained,43,2012,2010s,68718,/mhf63wOnaLCnzxeHgngTH98WaVh.jpg
doctor strange,Doctor Strange,68,2016,2010s,284052,/xf8PbyQcR5ucXErmZNzdKR0s8ya.jpg
doctor strange in the multiverse of madness,Doctor Strange in the Multiverse of Madness,96,2022,2020s,453395,/ddJcSKbcp4rKZTmuyWaMhuwcfMz.jpg
dune,Dune,41,2021,2020s,438631,/gDzOcq0pfeCeqMBwKIJlSmQpjkZ.jpg
dune: part two,Dune: Part Two,71,2024,2020s,693134,/1pdfLvkbY9ohJlCjQH2CZjjYVvJ.jpg
dunkirk,Dunkirk,55,2017,2010s,374720,/b4Oe15CGLL61Ped0RAS9JpqdmCt.jpg
e.t. the extra-terrestrial,E.T. the Extra-Terrestrial,80,1982,,601,/an0nD6uq6byfxXCfk6lQBzdL2J1.jpg
elemental,Elemental,50,2023,2020s,976573,/4Y1WNkd88JXmGfhtWR7dmDAo1T2.jpg
eternals,Eternals,40,2021,2020s,524434,/lFByFSLV5WDJEv3KabbdAF959F2.jpg
f1,F1,63,2025,2020s,911430,/vqBmyAj0Xm9LnS1xe1MSlMAJyHq.jpg
f9,F9,73,2021,2020s,385128,/deEmLILTPejEb6OGsXRJ5MCvyDW.jpg
fantastic beasts and where to find them,Fantastic Beasts and Where to Find Them,81,2016,2010s,259316,/fLsaFKExQt05yqjoAvKsmOMYvJR.jpg
fantastic beasts: the crimes of grindelwald,Fantastic Beasts: The Crimes of Grindelwald,65,2018,2010s,338952,/fMMrl8fD9gRCFJvsx0SuFwkEOop.jpg
fantastic beasts: the secrets of dumbledore,Fantastic Beasts: The Secrets of Dumbledore,41,2022,2020s,338953,/3c5GNLB4yRSLBby0trHoA1DSQxQ.jpg
fast & furious 6,Fast & Furious 6,79,2013,2010s,82992,/3EXOOkhSmJQ9DisNmIjZ8Xi633I.jpg
fast & furious presents: hobbs & shaw,Fast & Furious Presents: Hobbs & Shaw,76,2019,2010s,384018,/qRyy2UmjC5ur9bDi3kpNNRCc5nc.jpg
fast five,Fast Five,63,2011,2010s,51497,/vDztZS30sheoqnJnKyO4QMnf3f8.jpg
fast x,Fast X,70,2023,2020s,385687,/fiVW06jE7z9YnO4trhaMEdclSiC.jpg
fifty shades of grey,Fifty Shades of Grey,57,2015,2010s,216015,/63kGofUkt1Mx0SIL4XI4Z5AoSgt.jpg
finding dory,Finding Dory,103,2016,2010s,127380,/3UVe8NL1E2ZdUZ9EDlKGJY5UzE.jpg
finding nemo,Finding Nemo,94,2003,2000s,12,/5lc6nQc0VhWFYFbNv016xze8Jvy.jpg
forrest gump,Forrest Gump,68,1994,1990s,13,/Cw4hIUIAmSYfK9QfaUW5igp9La.jpg
frozen,Frozen,127,2013,2010s,109445,/kgwjIb2JDHRhNk13lmSxiClFjVk.jpg
frozen ii,Frozen II,145,2019,2010s,330457,/mINJaa34MtknCYl5AjtNJzWj8cD.jpg
full river red,Full River Red,67,2023,2020s,1066298,/kOoxkXTYTi4OipM5G97gK9jnYIk.jpg
furious 7,Furious 7,152,2015,2010s,168259,/ktofZ9Htrjiy0P6LEowsDaxd3Ri.jpg
ghost,Ghost,50,1990,1990s,251,/w9RaPHov8oM5cnzeE27isnFMsvS.jpg
gladiator,Gladiator,47,2000,2000s,98,/wN2xWp1eIwCKOD0BHTcErTBv1Uq.jpg
gladiator ii,Gladiator II,46,2024,2020s,558449,/2cxhvwyEwRlysAmRH4iodkvo0z5.jpg
godzilla,Godzilla,52,2014,2010s,124905,/tphkjmQq8WebuVwNXelmjLUXuPJ.jpg
godzilla vs. kong,Godzilla vs. Kong,47,2021,2020s,399566,/pgqgaUx1cJb5oZQQ5v0tNARCeBp.jpg
godzilla x kong: the new empire,Godzilla x Kong: The New Empire,57,2024,2020s,823464,/z1p34vh7dEOnLDmyCrlUVLuoDzd.jpg
gone with the wind,Gone with the Wind,40,1939,,770,/lNz2Ow0wGCAvzckW7EOjE03KcYv.jpg
gravity,Gravity,72,2013,2010s,49047,/kZ2nZw8D681aphje8NJi8EfbL1U.jpg
grease,Grease,40,1978,,621,/2rM7fQKpb7cs1Iq7IBqub9LFDzJ.jpg
guardians of the galaxy,Guardians of the Galaxy,77,2014,2010s,118340,/r7vmZjiyZw9rpJMQJdXpjgiCOk9.jpg
guardians of the galaxy vol. 2,Guardians of the Galaxy Vol. 2,86,2017,2010s,283995,/y4MBh0EjBlMuOzv9axM4qJlmhzz.jpg
guardians of the galaxy vol. 3,Guardians of the Galaxy Vol. 3,85,2023,2020s,447365,/r2J02Z2OpNTctfOSN1Ydgii51I3.jpg
hancock,Hancock,63,2008,2000s,8960,/7DyuV2G0hLEqHeueDfOqhZ2DVut.jpg
harry potter and the chamber of secrets,Harry Potter and the Chamber of Secrets,88,2002,2000s,672,/sdEOH0992YZ0QSxgXNIGLq1ToUi.jpg
harry potter and the deathly hallows: part 1,Harry Potter and the Deathly Hallows: Part 1,95,2010,2010s,12444,/iGoXIpQb7Pot00EEdwpwPajheZ5.jpg
harry potter and the deathly hallows: part 2,Harry Potter and the Deathly Hallows: Part 2,134,2011,2010s,12445,/c54HpQmuwXjHq2C9wmoACjxoom3.jpg
harry potter and the goblet of fire,Harry Potter and the Goblet of Fire,90,2005,2000s,674,/fECBtHlr0RB3foNHDiCBXeg9Bv9.jpg
harry potter and the half-blood prince,Harry Potter and the Half-Blood Prince,93,2009,2000s,767,/z7uo9zmQdQwU5ZJHFpv2Upl30i1.jpg
harry potter and the order of the phoenix,Harry Potter and the Order of the Phoenix,94,2007,2000s,675,/5aOyriWkPec0zUDxmHFP9qMmBaj.jpg
harry potter and the prisoner of azkaban,Harry Potter and the Prisoner of Azkaban,79,2004,2000s,673,/aWxwnYoe8p2d2fcxOqtvAtJ72Rw.jpg
"hi, mom","Hi, Mom",82,2021,2020s,758891,/31W7qLEMqQKgdCeCtV9EbVi3bwG.jpg
home alone,Home Alone,48,1990,1990s,771,/onTSipZ8R3bliBdKfPtsDuHTdlL.jpg
hotel transylvania 2,Hotel Transylvania 2,47,2015,2010s,159824,/3nFnrivNgipSKZ8LZJJbRSlAcTR.jpg
hotel transylvania 3: summer vacation,Hotel Transylvania 3: Summer Vacation,53,2018,2010s,400155,/lzE5BwGQea1nek7TPXUuC5AZ6rq.jpg
how to train your dragon,How to Train Your Dragon,64,2025,2020s,1087192,/q5pXRYTycaeW6dEgsCrd4mYPmxM.jpg
how to train your dragon 2,How to Train Your Dragon 2,62,2014,2010s,82702,/d13Uj86LdbDLrfDoHR5aDOFYyJC.jpg
how to train your dragon: the hidden world,How to Train Your Dragon: The Hidden World,54,2019,2010s,166428,/xvx4Yhf0DVH8G4LzNISpMfFBDy2.jpg
i am legend,I Am Legend,59,2007,2000s,6479,/iPDkaSdKk2jRLTM65UOEoKtsIZ8.jpg
ice age: collision course,Ice Age: Collision Course,41,2016,2010s,278154,/okF78W1AcXAenlYFE3vna9Uuqjp.jpg
ice age: continental drift,Ice Age: Continental Drift,88,2012,2010s,57800,/dfp1BZF7FxbBUyzHvMOI9t8NWDD.jpg
ice age: dawn of the dinosaurs,Ice Age: Dawn of the Dinosaurs,89,2009,2000s,8355,/cXOLaxcNjNAYmEx1trZxOTKhK3Q.jpg
ice age: the meltdown,Ice Age: The Meltdown,66,2006,2000s,950,/e23bfKyjOiKJ5uOufFgfO7JO5ug.jpg
inception,Inception,84,2010,2010s,27205,/xlaY2zyzMfkhk0HSC5VUwzoZPU1.jpg
incredibles 2,Incredibles 2,124,2018,2010s,260513,/9lFKBtaVIhP7E2Pk0IY1CwTKTMZ.jpg
independence day,Independence Day,82,1996,1990s,602,/p0BPQGSPoSa8Ml0DAf2mB2kCU0R.jpg
indiana jones and the kingdom of the crystal skull,Indiana Jones and the Kingdom of the Crystal Skull,79,2008,2000s,217,/56As6XEM1flWvprX4LgkPl8ii4K.jpg
indiana jones and the last crusade,Indiana Jones and the Last Crusade,47,1989,,89,/sizg1AU8f8JDZX4QIgE4pjUMBvx.jpg
inside out,Inside Out,86,2015,2010s,150540,/2H1TmgdfNtsKlU9jKdeNyYL5y8T.jpg
inside out 2,Inside Out 2,170,2024,2020s,1022789,/vpnVM9B6NMmQpWeZvzLvDESb2QY.jpg
interstellar,Interstellar,75,2014,2010s,157336,/yQvGrMoipbRoddT0ZR8tPoR7NfX.jpg
iron man,Iron Man,59,2008,2000s,1726,/78lPtwv72eTNqFW9COBYI0dWDJa.jpg
iron man 2,Iron Man 2,62,2010,2010s,10138,/6WBeq4fCfn7AN0o21W9qNcRF2l9.jpg
iron man 3,Iron Man 3,122,2013,2010s,68721,/qhPtAc1TKbMPqNvcdXSOn9Bn7hZ.jpg
it,It,72,2017,2010s,346364,/9E2y5Q7WlCVNEhP5GiVTjhEhx1o.jpg
it chapter two,It Chapter Two,47,2019,2010s,474350,/zfE0R94v1E8cuKAerbskfD3VfUt.jpg
jason bourne,Jason Bourne,42,2016,2010s,324668,/xA7N41glw17MBQtcWSm2eBlBRuG.jpg
jaws,Jaws,47,1975,,578,/lxM6kqilAdpdhqUl2biYp5frUxE.jpg
john wick: chapter 4,John Wick: Chapter 4,45,2023,2020s,603692,/vZloFAK7NmvMGKE7VkF5UHaz0I.jpg
joker,Joker,108,2019,2010s,475557,/udDclJoHjfjb8Ekgsd4FDteOkCU.jpg
jumanji: the next level,Jumanji: The Next Level,80,2019,2010s,512200,/jyw8VKYEiM1UDzPB7NsisUgBeJ8.jpg
jumanji: welcome to the jungle,Jumanji: Welcome to the Jungle,100,2017,2010s,353486,/pSgXKPU5h6U89ipF7HBYajvYt7j.jpg
jurassic park,Jurassic Park,92,1993,1990s,329,/maFjKnJ62hDQ9E66dKqDZgbUy0H.jpg
jurassic world,Jurassic World,167,2015,2010s,135397,/rhr4y79GpxQF9IsfJItRXVaoGs4.jpg
jurassic world dominion,Jurassic World Dominion,100,2022,2020s,507086,/jbAvCACjLf1ZG0unB2tdmx5HAf1.jpg
jurassic world rebirth,Jurassic World Rebirth,87,2025,2020s,1234821,/1RICxzeoNCAO5NpcRMIgg1XT6fm.jpg
jurassic world: fallen kingdom,Jurassic World: Fallen Kingdom,131,2018,2010s,351286,/x2Us3jR6ToMJjbcPbLimYoxf6xr.jpg
justice league,Justice League,66,2017,2010s,141052,/eifGNCSDuxJeS1loAXil5bIGgvC.jpg
king kong,King Kong,56,2005,2000s,254,/6a2HY6UmD7XiDD3NokgaBAXEsD2.jpg
kingdom of the planet of the apes,Kingdom of the Planet of the Apes,40,2024,2020s,653346,/gKkl37BQuKTanygYQG1pyYgLVgf.jpg
kingsman: the golden circle,Kingsman: The Golden Circle,41,2017,2010s,343668,/34xBL6BXNYFqtHO9zhcgoakS4aP.jpg
kingsman: the secret service,Kingsman: The Secret Service,41,2015,2010s,207703,/r6q9wZK5a2K51KFj4LWVID6Ja1r.jpg
kong: skull island,Kong: Skull Island,57,2017,2010s,293167,/r2517Vz9EhDhj88qwbDVj8DCRZN.jpg
kung fu panda,Kung Fu Panda,63,2008,2000s,9502,/wWt4JYXTg5Wr3xBW2phBrMKgp3x.jpg
kung fu panda 2,Kung Fu Panda 2,67,2011,2010s,49444,/mtqqD00vB4PGRt20gWtGqFhrkd0.jpg
kung fu panda 3,Kung Fu Panda 3,52,2016,2010s,140300,/oajNi4Su39WAByHI6EONu8G8HYn.jpg
kung fu panda 4,Kung Fu Panda 4,55,2024,2020s,1011985,/kDp1vUBnMpe8ak4rjgl3cLELqjU.jpg
la la land,La La Land,51,2016,2010s,313369,/uDO8zWDhfWwoFdKS4fzkUJt0Rf0.jpg
les miserables,Les Misérables,44,2012,2010s,82695,/6CuzBs2Lb8At7qQr64mLXg2RYRb.jpg
life of pi,Life of Pi,61,2012,2010s,87827,/iLgRu4hhSr6V1uManX6ukDriiSc.jpg
lilo & stitch,Lilo & Stitch,104,2025,2020s,552524,/ckQzKpQJO4ZQDCN5evdpKcfm7Ys.jpg
logan,Logan,62,2017,2010s,263115,/fnbjcRDYn6YviCcePDnGdyAkYsB.jpg
lucy,Lucy,47,2014,2010s,240832,/kRbpUTRNm6QbLQFPFWUcNC4czEm.jpg
madagascar,Madagascar,54,2005,2000s,953,/zMpJY5CJKUufG9OTw0In4eAFqPX.jpg
madagascar: escape 2 africa,Madagascar: Escape 2 Africa,60,2008,2000s,10527,/agRbLOHgN46TQO4YdKR462iR7To.jpg
maleficent,Maleficent,76,2014,2010s,102651,/bDG3yei6AJlEAK3A5wN7RwFXQ7V.jpg
maleficent: mistress of evil,Maleficent: Mistress of Evil,49,2019,2010s,420809,/vloNTScJ3w7jwNwtNGoG8DbTThv.jpg
mamma mia!,Mamma Mia!,61,2008,2000s,11631,/zdUA4FNHbXPadzVOJiU0Rgn6cHR.jpg
mamma mia! here we go again,Mamma Mia! Here We Go Again,40,2018,2010s,458423,/aWicerX4Y7n7tUwRAVHsVcBBpj2.jpg
man of steel,Man of Steel,67,2013,2010s,49521,/cB46TSg3kGjq2eVy5kVUhlpUa1H.jpg
meet the fockers,Meet the Fockers,52,2004,2000s,693,/59fXm6N2x7QSbvt6BaBxTNBXGL8.jpg
meg 2: the trench,Meg 2: The Trench,40,2023,2020s,615656,/4m1Au3YkjqsxF8iwQy0fPYSxE0h.jpg
men in black,Men in Black,59,1997,1990s,607,/uLOmOF5IzWoyrgIF5MfUnh5pa1X.jpg
men in black 3,Men in Black 3,65,2012,2010s,41154,/90DdoEStzeObs96fsYf4GG544iN.jpg
men in black ii,Men in Black II,45,2002,2000s,608,/enA22EPyzc2WQ1VVyY7zxresQQr.jpg
michael,Michael,85,2026,2020s,936075,/3Qud19bBUrrJAzy0Ilm8gRJlJXP.jpg
minions,Minions,116,2015,2010s,211672,/dr02BdCNAUPVU07aOodwPYv6HCf.jpg
minions: the rise of gru,Minions: The Rise of Gru,94,2022,2020s,438148,/wKiOkZTN9lUUUNZLmtnwubZYONg.jpg
mission: impossible,Mission: Impossible,46,1996,1990s,954,/l5uxY5m5OInWpcExIpKG6AR3rgL.jpg
mission: impossible - dead reckoning part one,Mission: Impossible - Dead Reckoning Part One,57,2023,2020s,575264,/NNxYkU70HPurnNCSiCjYAmacwm.jpg
mission: impossible - fallout,Mission: Impossible - Fallout,82,2018,2010s,353081,/AkJQpZp9WoNdj7pLYSj1L0RcMMN.jpg
mission: impossible - ghost protocol,Mission: Impossible - Ghost Protocol,69,2011,2010s,56292,/eRZTGx7GsiKqPch96k27LK005ZL.jpg
mission: impossible - rogue nation,Mission: Impossible - Rogue Nation,68,2015,2010s,177677,/fRJLXQBHK2wyznK5yZbO7vmsuVK.jpg
mission: impossible - the final reckoning,Mission: Impossible - The Final Reckoning,60,2025,2020s,575265,/z53D72EAOxGRqdr7KXXWp9dJiDe.jpg
mission: impossible ii,Mission: Impossible II,55,2000,2000s,955,/hfnrual76gPeNFduhD4xzHWpfTw.jpg
mission: impossible iii,Mission: Impossible III,40,2006,2000s,956,/vKGYCpmQyV9uHybWDzXuII8Los5.jpg
moana,Moana,69,2016,2010s,277834,/9tzN8sPbyod2dsa0lwuvrwBDWra.jpg
moana 2,Moana 2,106,2024,2020s,1241982,/aLVkiINlIeCkcZIzb7XHzPYgO6L.jpg
monsters university,Monsters University,74,2013,2010s,62211,/y7thwJ7z5Bplv6vwl6RI0yteaDD.jpg
"monsters, inc.","Monsters, Inc.",58,2001,2000s,585,/wFSpyMsp7H0ttERbxY7Trlv8xry.jpg
moon man,Moon Man,46,2022,2020s,801803,/uLfT4oOj0Cp2XuUCDWZpvFMeSmE.jpg
mr. & mrs. smith,Mr. & Mrs. Smith,49,2005,2000s,787,/kjD700RtyhveN3ZbOnSvUSne0Qj.jpg
mrs. doubtfire,Mrs. Doubtfire,44,1993,1990s,788,/shHrSmXS5140o6sQzgzXxn3KqSm.jpg
mufasa: the lion king,Mufasa: The Lion King,72,2024,2020s,762509,/jbOSUAWMGzGL1L4EaUF8K6zYFo7.jpg
"my people, my country","My People, My Country",45,2019,2010s,612845,/dsOn5Wd1AfTTh4TDLn14cIPrgzQ.jpg
national treasure: book of secrets,National Treasure: Book of Secrets,46,2007,2000s,6637,/dc9F1vNOGbgeZrO9ejNkbgHPlfw.jpg
ne zha,Ne Zha,74,2019,2010s,615453,/phM9bb6s9c60LA8qwsdk7U1N2cS.jpg
ne zha 2,Ne Zha 2,226,2025,2020s,980477,/cb5NyNrqiCNNoDkA8FfxHAtypdG.jpg
night at the museum,Night at the Museum,57,2006,2000s,1593,/pDsAAYf6Zn0yiAGJ6lYGs6hoZ4E.jpg
night at the museum: battle of the smithsonian,Night at the Museum: Battle of the Smithsonian,41,2009,2000s,18360,/l9yAQn6TyrA3gv5xZZkiMMoZsiw.jpg
no time to die,No Time to Die,77,2021,2020s,370172,/iUgygt3fscRoKWCV1d0C7FbM9TP.jpg
once upon a time... in hollywood,Once Upon a Time... in Hollywood,39,2019,2010s,466272,/8j58iEBw9pOXFD2L0nt0ZXeHviB.jpg
operation red sea,Operation Red Sea,58,2018,2010s,460555,/6ctXBO0o5fKQvGdSJsPc8TAYCvp.jpg
oppenheimer,Oppenheimer,95,2023,2020s,872585,/8Gxv8gSFCU0XGDykEGv7zR1n2ua.jpg
oz the great and powerful,Oz the Great and Powerful,49,2013,2010s,68728,/tkzfAUEKoUp4YFNbZV9hfpZOz0z.jpg
pacific rim,Pacific Rim,41,2013,2010s,68726,/8wo4eN8dWKaKlxhSvBz19uvj8gA.jpg
pearl harbor,Pearl Harbor,45,2001,2000s,676,/y8A0Cvp8WQmZ3bjbnsL53lY0dsC.jpg
pegasus 2,Pegasus 2,47,2024,2020s,1228891,/tYCsMelHCecCvhWsrvR9NsZcT1D.jpg
pirates of the caribbean: dead men tell no tales,Pirates of the Caribbean: Dead Men Tell No Tales,80,2017,2010s,166426,/6lAPOAFYFWIO3SQRemEY2wInQMC.jpg
pirates of the caribbean: on stranger tides,Pirates of the Caribbean: On Stranger Tides,105,2011,2010s,1865,/keGfSvCmYj7CvdRx36OdVrAEibE.jpg
pirates of the caribbean: the curse of the black pearl,Pirates of the Caribbean: The Curse of the Black Pearl,66,2003,2000s,22,/kvDwL2gTf6yxujbsWbsGQB3Z9Wa.jpg
pokemon detective pikachu,Pokémon Detective Pikachu,45,2019,2010s,447404,/uhWvnFgg3BNlcUz0Re1HfQqIcCD.jpg
pretty woman,Pretty Woman,46,1990,1990s,114,/hVHUfT801LQATGd26VPzhorIYza.jpg
project hail mary,Project Hail Mary,68,2026,2020s,687163,/yihdXomYb5kTeSivtFndMy5iDmf.jpg
prometheus,Prometheus,40,2012,2010s,70981,/qsYQflQhOuhDpQ0W2aOcwqgDAeI.jpg
puss in boots,Puss in Boots,55,2011,2010s,417859,/7a5Jzjr9TmffGy76y1SZhn3sCiz.jpg
puss in boots: the last wish,Puss in Boots: The Last Wish,48,2022,2020s,315162,/kuf6dutpsT0vSVehic3EZIqkOBt.jpg
quantum of solace,Quantum of Solace,59,2008,2000s,10764,/e3DXXLJHGqMx9yYpXsql1XNljmM.jpg
ralph breaks the internet,Ralph Breaks the Internet,53,2018,2010s,404368,/iVCrhBcpDaHGvv7CLYbK6PuXZo1.jpg
rampage,Rampage,43,2018,2010s,427641,/MGADip4thVSErP34FAAfzFBTZ5.jpg
ratatouille,Ratatouille,62,2007,2000s,2062,/t3vaWRPSf6WjDSamIkKDs1iQWna.jpg
ready player one,Ready Player One,61,2018,2010s,333339,/pU1ULUq8D3iRxl1fdX2lZIzdHuI.jpg
return of the jedi,Return of the Jedi,57,1983,,1892,/jQYlydvHm3kUix1f8prMucrplhm.jpg
rio,Rio,48,2011,2010s,46195,/4nJxhUknKV8Gqdhov8pU1YWDYfb.jpg
rio 2,Rio 2,50,2014,2010s,172385,/gVNTBrjxh2YRmQFjlaqrNbHVvrd.jpg
rise of the planet of the apes,Rise of the Planet of the Apes,48,2011,2010s,61791,/oqA45qMyyo1TtrnVEBKxqmTPhbN.jpg
rogue one: a star wars story,Rogue One: A Star Wars Story,106,2016,2010s,330459,/i0yw1mFbB7sNGHCs7EXZPzFkdA1.jpg
san andreas,San Andreas,47,2015,2010s,254128,/2Gfjn962aaFSD6eST6QU3oLDZTo.jpg
saving private ryan,Saving Private Ryan,48,1998,1990s,857,/uqx37cS8cpHg8U35f9U5IBlrCV3.jpg
sex and the city,Sex and the City,42,2008,2000s,4564,/AhNfnsGW95RKHQNLdgFH48UN0Zy.jpg
shang-chi and the legend of the ten rings,Shang-Chi and the Legend of the Ten Rings,43,2021,2020s,566525,/9f2Q0U3IOsLgrI2HkvldwSABZy5.jpg
sherlock holmes,Sherlock Holmes,52,2009,2000s,10528,/momkKuWburNTqKBF6ez7rvhYVhE.jpg
shrek,Shrek,49,2001,2000s,808,/iB64vpL3dIObOtMZgX3RqdVdQDc.jpg
shrek 2,Shrek 2,94,2004,2000s,809,/2yYP0PQjG8zVqturh1BAqu2Tixl.jpg
shrek forever after,Shrek Forever After,75,2010,2010s,10192,/6HrfPZtKcGmX2tUWW3cnciZTaSD.jpg
shrek the third,Shrek the Third,81,2007,2000s,810,/n4SexGGQzI26E269tfpa80MZaGV.jpg
signs,Signs,41,2002,2000s,2675,/YtrIdrTxpRhvCnlw43dwOjfLqx.jpg
sing,Sing,63,2016,2010s,335797,/rwopfpHqPCYBSgBuZwkaXXqHp14.jpg
sing 2,Sing 2,41,2021,2020s,438695,/aWeKITRFbbwY8txG5uCj4rMCfSP.jpg
skyfall,Skyfall,111,2012,2010s,37724,/d0IVecFQvsGdSbnMAHqiYsNYaJT.jpg
snow white and the huntsman,Snow White and the Huntsman,40,2012,2010s,58595,/8HUa5kRubYbnAD5UVpnhTGGgMTW.jpg
solo: a star wars story,Solo: A Star Wars Story,39,2018,2010s,348350,/4oD6VEccFkorEBTEDXtpLAaz0Rl.jpg
sonic the hedgehog 2,Sonic the Hedgehog 2,41,2022,2020s,675353,/6DrHO1jr3qVrViUO6s6kFiAGM7.jpg
sonic the hedgehog 3,Sonic the Hedgehog 3,49,2024,2020s,939243,/d8Ryb8AunYAuycVKDp5HpdWPKgC.jpg
spectre,Spectre,88,2015,2010s,206647,/zj8ongFhtWNsVlfjOGo8pSr7PQg.jpg
spider-man,Spider-Man,82,2002,2000s,557,/kjdJntyBeEvqm9w97QGBdxPptzj.jpg
spider-man 2,Spider-Man 2,79,2004,2000s,558,/aGuvNAaaZuWXYQQ6N2v7DeuP6mB.jpg
spider-man 3,Spider-Man 3,89,2007,2000s,559,/qFmwhVUoUSXjkKRmca5yGDEXBIj.jpg
spider-man: across the spider-verse,Spider-Man: Across the Spider-Verse,69,2023,2020s,569094,/8Vt6mWEReuy4Of61Lnj5Xj704m8.jpg
spider-man: far from home,Spider-Man: Far From Home,113,2019,2010s,429617,/4q2NNj4S5dG2RLF9CpXsej7yXl.jpg
spider-man: homecoming,Spider-Man: Homecoming,88,2017,2010s,315635,/c24sv2weTHPsmDa7jEMN0m2P3RT.jpg
spider-man: into the spider-verse,Spider-Man: Into the Spider-Verse,39,2018,2010s,324857,/iiZZdoQBEYBv6id8su7ImL0oCbD.jpg
star trek into darkness,Star Trek Into Darkness,47,2013,2010s,54138,/Aim3kVNh1MPIxPEFeJrl9e9Uf1a.jpg
star wars,Star Wars,78,1977,,11,/6FfCtAuVAW8XJjZ7eWeLibRLWTw.jpg
star wars: episode i - the phantom menace,Star Wars: Episode I - The Phantom Menace,105,1999,1990s,1893,/6wkfovpn7Eq8dYNKaG5PY3q2oq6.jpg
star wars: episode ii - attack of the clones,Star Wars: Episode II - Attack of the Clones,65,2002,2000s,1894,/oZNPzxqM2s5DyVWab09NTQScDQt.jpg
star wars: episode iii - revenge of the sith,Star Wars: Episode III - Revenge of the Sith,85,2005,2000s,1895,/xfSAoBEm9MNBjmlNcDYLvLSMlnq.jpg
star wars: the force awakens,Star Wars: The Force Awakens,207,2015,2010s,140607,/wqnLdwVXoBjKibFRR5U3y0aDUhs.jpg
star wars: the last jedi,Star Wars: The Last Jedi,133,2017,2010s,181808,/ySaaKHOLAQU5HoZqWmzDIj1VvZ1.jpg
star wars: the rise of skywalker,Star Wars: The Rise of Skywalker,107,2019,2010s,181812,/db32LaOibwEliAmSL2jjDF6oDdj.jpg
successor,Successor,42,2024,2020s,1299537,/jqGZEk4sLGGmIXBDQzxTuT1lZx2.jpg
suicide squad,Suicide Squad,75,2016,2010s,297761,/sk3FZgh3sRrmr8vyhaitNobMcfh.jpg
superman,Superman,62,2025,2020s,1061474,/ldyfo0BKmz5rWtJJKCvwaNS4cJT.jpg
superman returns,Superman Returns,39,2006,2000s,1452,/385XwTQZDpRX2d3kxtnpiLrjBXw.jpg
tangled,Tangled,59,2010,2010s,38757,/ym7Kst6a4uodryxqbGOxmewF235.jpg
tarzan,Tarzan,45,1999,1990s,37135,/bTvHlcqiOjGa3lFtbrTLTM3zasY.jpg
ted,Ted,55,2012,2010s,72105,/1QVZXQQHCEIj8lyUhdBYd2qOYtq.jpg
teenage mutant ninja turtles,Teenage Mutant Ninja Turtles,49,2014,2010s,98566,/azL2ThbJMIkts3ZMt3j1YgBUeDB.jpg
terminator 2: judgment day,Terminator 2: Judgment Day,52,1991,1990s,280,/jFTVD4XoWQTcg7wdyJKa8PEds5q.jpg
terminator 3: rise of the machines,Terminator 3: Rise of the Machines,44,2003,2000s,296,/vvevzdYIrk2636maNW4qeWmlPFG.jpg
terminator genisys,Terminator Genisys,44,2015,2010s,87101,/oZRVDpNtmHk8M1VYy1aeOWUXgbC.jpg
the amazing spider-man,The Amazing Spider-Man,76,2012,2010s,1930,/jexoNYnPd6vVrmygwF6QZmWPFdu.jpg
the amazing spider-man 2,The Amazing Spider-Man 2,72,2014,2010s,102382,/dGjoPttcbKR5VWg1jQuNFB247KL.jpg
the avengers,The Avengers,152,2012,2010s,24428,/RYMX2wcKCBAr24UyPD7xwmjaTn.jpg
the batman,The Batman,77,2022,2020s,414906,/74xTEgt7R36Fpooo50r9T25onhq.jpg
the battle at lake changjin,The Battle at Lake Changjin,90,2021,2020s,779029,/iXvAlIo4DPLBiraC2KLu4977Wo2.jpg
the battle at lake changjin ii: water gate bridge,The Battle at Lake Changjin II: Water Gate Bridge,63,2022,2020s,928123,/4W58wirZhbzcw2lNzRS2ErKnOGS.jpg
the bodyguard,The Bodyguard,41,1992,1990s,619,/ihWF0uY1xnKqw9YK7ZHNLUZOhcO.jpg
the boss baby,The Boss Baby,53,2017,2010s,295693,/9MsQJKe4cUAGxc7R2NGaFQLqOPc.jpg
the bourne ultimatum,The Bourne Ultimatum,44,2007,2000s,2503,/15rMz5MRXFp7CP4VxhjYw4y0FUn.jpg
the chronicles of narnia: prince caspian,The Chronicles of Narnia: Prince Caspian,42,2008,2000s,2454,/qxz3WIyjZiSKUhaTIEJ3c1GcC9z.jpg
"the chronicles of narnia: the lion, the witch and the wardrobe","The Chronicles of Narnia: The Lion, the Witch and the Wardrobe",75,2005,2000s,411,/iREd0rNCjYdf5Ar0vfaW32yrkm.jpg
the chronicles of narnia: the voyage of the dawn treader,The Chronicles of Narnia: The Voyage of the Dawn Treader,42,2010,2010s,10140,/pP27zlm9yeKrCeDZLFLP2HKELot.jpg
the conjuring: last rites,The Conjuring: Last Rites,50,2025,2020s,1038392,/byWgphT74ClOVa8EOGzYDkl8DVL.jpg
the croods,The Croods,59,2013,2010s,49519,/27zvjVOtOi5ped1HSlJKNsKXkFH.jpg
the da vinci code,The Da Vinci Code,76,2006,2000s,591,/9ejKfNk0LBhSI9AahH4f9NJNZNM.jpg
the dark knight,The Dark Knight,100,2008,2000s,155,/qJ2tW6WMUDux911r6m7haRef0WH.jpg
the dark knight rises,The Dark Knight Rises,108,2012,2010s,49026,/hr0L2aueqlP2BYUblTTjmtn0hw4.jpg
the day after tomorrow,The Day After Tomorrow,55,2004,2000s,435,/Wr4HeYQRvwVCxzOV5TmGE7UkXq.jpg
the devil wears prada 2,The Devil Wears Prada 2,64,2026,2020s,1314481,/xTI42pmsP5EDnvsNJPEDubwWBQO.jpg
the eight hundred,The Eight Hundred,46,2020,2020s,508935,/gWKYKGDLEMCSAyjQ1e0rpBSoRMD.jpg
the empire strikes back,The Empire Strikes Back,54,1980,,1891,/nNAeTmF4CtdSgMDplXTDPOpYzsX.jpg
the exorcist,The Exorcist,44,1973,,9552,/5x0CeVHJI8tcDx8tUUwYHQSNILq.jpg
the fantastic 4: first steps,The Fantastic 4: First Steps,52,2025,2020s,617126,/abqOz6EL3yXyOOafCPZxjL1M5bQ.jpg
the fate of the furious,The Fate of the Furious,124,2017,2010s,337339,/dImWM7GJqryWJO9LHa3XQ8DD5NH.jpg
the greatest showman,The Greatest Showman,46,2017,2010s,316029,/b9CeobiihCx1uG1tpw8hXmpi7nm.jpg
the grinch,The Grinch,55,2018,2010s,360920,/smxA8yvZ0LzDPer9BIRd4pyOpx1.jpg
the hangover,The Hangover,47,2009,2000s,18785,/A0uS9rHR56FeBtpjVki16M5xxSW.jpg
the hangover part ii,The Hangover Part II,59,2011,2010s,45243,/cKZu0Fdkj7dmwbfMpgDqVVCkLJQ.jpg
the hobbit: an unexpected journey,The Hobbit: An Unexpected Journey,102,2012,2010s,49051,/yHA9Fc37VmpUA5UncTxxo3rTGVA.jpg
the hobbit: the battle of the five armies,The Hobbit: The Battle of the Five Armies,96,2014,2010s,122917,/xT98tLqatZPQApyRmlPL12LtiWp.jpg
the hobbit: the desolation of smaug,The Hobbit: The Desolation of Smaug,96,2013,2010s,57158,/xQYiXsheRCDBA39DOrmaw1aSpbk.jpg
the housemaid,The Housemaid,40,2025,2020s,1368166,/cWsBscZzwu5brg9YjNkGewRUvJX.jpg
the hunger games,The Hunger Games,69,2012,2010s,70160,/yXCbOiVDCxO71zI7cuwBRXdftq8.jpg
the hunger games: catching fire,The Hunger Games: Catching Fire,87,2013,2010s,101299,/vrQHDXjVmbYzadOXQ0UaObunoy2.jpg
the hunger games: mockingjay - part 1,The Hunger Games: Mockingjay - Part 1,76,2014,2010s,131631,/4FAA18ZIja70d1Tu5hr5cj2q1sB.jpg
the hunger games: mockingjay - part 2,The Hunger Games: Mockingjay - Part 2,65,2015,2010s,131634,/lImKHDfExAulp16grYm8zD5eONE.jpg
the incredibles,The Incredibles,63,2004,2000s,9806,/2LqaLgk4Z226KkgPJuiOQ58wvrm.jpg
the intouchables,The Intouchables,43,2011,2010s,77338,/1QU7HKgsQbGpzsJbJK4pAVQV9F5.jpg
the jungle book,The Jungle Book,97,2016,2010s,278927,/2Epx7F9X7DrFptn4seqn4mzBVks.jpg
the last samurai,The Last Samurai,46,2003,2000s,616,/a8jmJPs5eZBARmnuEEvZwbjwyz4.jpg
the lego movie,The Lego Movie,47,2014,2010s,137106,/lbctonEnewCYZ4FYoTZhs8cidAl.jpg
the lion king,The Lion King,166,2019,2010s,420818,/dzBtMocZuJbjLOXvrl4zGYigDzh.jpg
the little mermaid,The Little Mermaid,57,2023,2020s,447277,/ym1dxyOk4jFcSl4Q2zmRrA5BEEN.jpg
the lord of the rings: the fellowship of the ring,The Lord of the Rings: The Fellowship of the Ring,87,2001,2000s,120,/6oom5QYQ2yQTMJIbnvbkBL9cHo6.jpg
the lord of the rings: the return of the king,The Lord of the Rings: The Return of the King,112,2003,2000s,122,/rCzpDGLbOoPwLjy3OAm5NUPOTrC.jpg
the lord of the rings: the two towers,The Lord of the Rings: The Two Towers,93,2002,2000s,121,/5VTN0pR8gcqV3EPUHHfMGnJYN9L.jpg
the lost world: jurassic park,The Lost World: Jurassic Park,62,1997,1990s,330,/6fSkhv35nPSw9hwPVCMINQFG1WD.jpg
the martian,The Martian,63,2015,2010s,286217,/3ndAx3weG6KDkJIRMCi5vXX6Dyb.jpg
the matrix,The Matrix,46,1999,1990s,603,/aOIuZAjPaRIE6CMzbazvcHuHXDc.jpg
the matrix reloaded,The Matrix Reloaded,74,2003,2000s,604,/aA5qHS0FbSXO8PxcxUIHbDrJyuh.jpg
the matrix revolutions,The Matrix Revolutions,42,2003,2000s,605,/bkkS61w94ZVMNVd8KEyyJl2tnY5.jpg
the meg,The Meg,53,2018,2010s,345940,/eyWICPcxOuTcDDDbTMOZawoOn8d.jpg
the mermaid,The Mermaid,55,2016,2010s,381890,/8YVB8VxQqx3J1FtOVvoHybBKNPS.jpg
the mummy,The Mummy,42,1999,1990s,564,/yhIsVvcUm7QxzLfT6HW2wLf5ajY.jpg
the mummy returns,The Mummy Returns,44,2001,2000s,1734,/kdJsW7hcy1lrj7tdMPycTAQPAiR.jpg
the mummy: tomb of the dragon emperor,The Mummy: Tomb of the Dragon Emperor,40,2008,2000s,1735,/A3acM1lX5PNWQa6r5qeMAJOxbnT.jpg
the passion of the christ,The Passion of the Christ,61,2004,2000s,615,/rBM5o2HpmCfDejuIPybI09tkY3V.jpg
the revenant,The Revenant,53,2015,2010s,281957,/ji3ecJphATlVgWNY0B0RVXZizdf.jpg
the secret life of pets,The Secret Life of Pets,88,2016,2010s,328111,/g3Hms6AE174doeGR1gz5zX5sVsv.jpg
the secret life of pets 2,The Secret Life of Pets 2,43,2019,2010s,412117,/s9xg4V5EDKiphgIksVJ9gewBM11.jpg
the simpsons movie,The Simpsons Movie,53,2007,2000s,35,/s3b8TZWwmkYc2KoJ5zk77qB6PzY.jpg
the sixth sense,The Sixth Sense,67,1999,1990s,745,/vOyfUXNFSnaTk7Vk5AjpsKTUWsu.jpg
the smurfs,The Smurfs,56,2011,2010s,41513,/vRhnslP2gW0QDym7BsMeSuioUfK.jpg
the super mario bros. movie,The Super Mario Bros. Movie,136,2023,2020s,502356,/qNBAXBIQlnOThrVvA6mA2B5ggV6.jpg
the super mario galaxy movie,The Super Mario Galaxy Movie,99,2026,2020s,1226863,/eJGWx219ZcEMVQJhAgMiqo8tYY.jpg
the twilight saga: breaking dawn - part 1,The Twilight Saga: Breaking Dawn - Part 1,71,2011,2010s,50619,/qs8LsHKYlVRmJbFUiSUhhRAygwj.jpg
the twilight saga: breaking dawn - part 2,The Twilight Saga: Breaking Dawn - Part 2,83,2012,2010s,50620,/7IGdPaKujv0BjI0Zd0m0a4CzEjJ.jpg
the twilight saga: eclipse,The Twilight Saga: Eclipse,70,2010,2010s,24021,/dK4Gi1UdMiHzHc7r7CZQG4IQ9Sr.jpg
the twilight saga: new moon,The Twilight Saga: New Moon,71,2009,2000s,18239,/k2qTooPlHffgNABNWxeJdGMglPK.jpg
the wandering earth ii,The Wandering Earth II,66,2023,2020s,842675,/hEA7bpWw5IRKOW2MVjvx46SWevU.jpg
the wolf of wall street,The Wolf of Wall Street,41,2013,2010s,106646,/kW9LmvYHAaS9iA0tHmZVq8hQYoq.jpg
the wolverine,The Wolverine,42,2013,2010s,76170,/t2wVAcoRlKvEIVSbiYDb8d0QqqS.jpg
thor,Thor,45,2011,2010s,10195,/prSfAi1xGrhLQNxVSUFh61xQ4Qy.jpg
thor: love and thunder,Thor: Love and Thunder,76,2022,2020s,616037,/pIkRyD18kl4FhoCNQuWxWu5cBLM.jpg
thor: ragnarok,Thor: Ragnarok,86,2017,2010s,284053,/rzRwTcFvttcN1ZpX2xv4j3tSdJu.jpg
thor: the dark world,Thor: The Dark World,64,2013,2010s,76338,/wp6OxE4poJ4G7c0U2ZIXasTSMR7.jpg
titanic,Titanic,226,1997,1990s,597,/9xjZS2rlVxm8SFx8kPC3aIGCOYQ.jpg
too cool to kill,Too Cool to Kill,39,2022,2020s,923192,/ut3aZaMzs0DfkSovDL7VddxLS8f.jpg
top gun: maverick,Top Gun: Maverick,149,2022,2020s,361743,/n0YuM4f5lvGAP6MAW2kBIzugXnc.jpg
toy story,Toy Story,40,1995,1990s,862,/uXDfjJbdP4ijW5hWSBrPrlKpxab.jpg
toy story 2,Toy Story 2,50,1999,1990s,863,/4rbcp3ng8n1MKHjpeqW0L7Fnpzz.jpg
toy story 3,Toy Story 3,107,2010,2010s,10193,/AbbXspMOwdvwWZgVN0nabZq03Ec.jpg
toy story 4,Toy Story 4,107,2019,2010s,301528,/w9kR8qbmQ01HwnvK4alvnQ2ca0L.jpg
transformers,Transformers,71,2007,2000s,1858,/1P7w3AImoEOWJX7nn3fdaKDfEQA.jpg
transformers: age of extinction,Transformers: Age of Extinction,111,2014,2010s,91314,/jyzrfx2WaeY60kYZpPYepSjGz4S.jpg
transformers: dark of the moon,Transformers: Dark of the Moon,112,2011,2010s,38356,/28YlCLrFhONteYSs9hKjD1Km0Cj.jpg
transformers: revenge of the fallen,Transformers: Revenge of the Fallen,84,2009,2000s,8373,/pLBb0whOzVDtJvyD4DPeQyQNOqp.jpg
transformers: rise of the beasts,Transformers: Rise of the Beasts,44,2023,2020s,667538,/gPbM0MK8CP8A174rmUwGsADNYKD.jpg
transformers: the last knight,Transformers: The Last Knight,61,2017,2010s,335988,/s5HQf2Gb3lIO2cRcFwNL9sn1o1o.jpg
tron: legacy,TRON: Legacy,41,2010,2010s,20526,/8Nc6R8k7bG8frSiDJo0oLucF7dN.jpg
troy,Troy,50,2004,2000s,652,/51auXjXepW1zblzhaN7CAhwvf5i.jpg
twilight,Twilight,39,2008,2000s,8966,/3Gkb6jm6962ADUPaCBqzz9CTbn9.jpg
twister,Twister,49,1996,1990s,664,/d4ie3f6QTvNw40V770Uzo87SDZn.jpg
uncharted,Uncharted,41,2022,2020s,335787,/rJHC1RUORuUhtfNb4Npclx0xnOf.jpg
up,Up,74,2009,2000s,14160,/mFvoEwSfLqbcWwFsDjQebn9bzFe.jpg
venom,Venom,86,2018,2010s,335983,/2uNW4WbgBXL25BAbXGLnLqX71Sw.jpg
venom: let there be carnage,Venom: Let There Be Carnage,51,2021,2020s,580489,/pzKsRuKLFmYrW5Q0q8E8G78Tcgo.jpg
venom: the last dance,Venom: The Last Dance,48,2024,2020s,912649,/vGXptEdgZIhPg3cGlc7e8sNPC2e.jpg
wall·e,WALL·E,52,2008,2000s,10681,/hbhFnRzzg6ZDmm8YAmxBnQpQIPh.jpg
war for the planet of the apes,War for the Planet of the Apes,49,2017,2010s,281338,/3vYhLLxrTtZLysXtIWktmd57Snv.jpg
war of the worlds,War of the Worlds,60,2005,2000s,74,/6Biy7R9LfumYshur3YKhpj56MpB.jpg
warcraft,Warcraft,43,2016,2010s,68735,/eGi5aoxaZveqNLtE7BZJCuWwR3G.jpg
wicked,Wicked,76,2024,2020s,402431,/xDGbZ0JJ3mYaGKy4Nzd9Kph6M9L.jpg
wicked: for good,Wicked: For Good,54,2025,2020s,967941,/si9tolnefLSUKaqQEGz1bWArOaL.jpg
wolf warrior 2,Wolf Warrior 2,87,2017,2010s,452557,/87aWrVqaVhXhblhO7sYHLC2y8TT.jpg
wonder woman,Wonder Woman,82,2017,2010s,297762,/v4ncgZjG2Zu8ZW5al1vIZTsSjqX.jpg
wonka,Wonka,63,2023,2020s,787699,/qhb1qOilapbapxWQn9jtRCMwXJF.jpg
world war z,World War Z,53,2013,2010s,72190,/aCnVdvExw6UWSeQfr0tUH3jr4qG.jpg
wreck-it ralph,Wreck-It Ralph,47,2012,2010s,82690,/fiHyt6UmG4yjcXFt9Cbpw6OedHh.jpg
x-men: apocalypse,X-Men: Apocalypse,54,2016,2010s,246655,/2mtQwJKVKQrZgTz49Dizb25eOQQ.jpg
x-men: days of future past,X-Men: Days of Future Past,75,2014,2010s,127585,/tYfijzolzgoMOtegh1Y7j2Enorg.jpg
x-men: the last stand,X-Men: The Last Stand,46,2006,2000s,36668,/a2xicU8DpKtRizOHjQLC1JyCSRS.jpg
x2,X2,41,2003,2000s,36658,/bst4alFUXCxISwdRUKSMhhkrX1M.jpg
yolo,Yolo,43,2024,2020s,1229349,/eD1mfjEeDUOAAsptZjQA6skrdJy.jpg
your name.,Your Name.,41,2016,2010s,372058,/q719jXXEzOoYaps6babgKnONONX.jpg
zootopia,Zootopia,103,2016,2010s,269149,/hlK0e0wAQ3VLuJcsfIYPvb4JVud.jpg
zootopia 2,Zootopia 2,187,2025,2020s,1084242,/oJ7g2CifqpStmoYQyaLQgEU32qO.jpg
